FIO|BirthDate
Yana A. Petrova|1990.01.01
Jana Alex. Petrovva|1990.1.1
Ksenija, Ivanoff|1992.02.02
Ivanova, Xeniya Pavlovna|1992.02.2
Maxim Andreevich Sidorov|1974.12.23
Anastasia Aleksandrova|1992.02.2
Viktor Vasilyev|1992.02.2
Gennady Georgiyev|1992.02.2
Dmitry Dudinsky|1992.02.2
Yelena Yeremeyeva|1992.02.2
Pyotr Vorobyov|1992.02.2
Zhanna Strizh|1992.02.2
Zoya Yazova|1992.02.2
Irina Ilyina|1992.02.2
Andrey Zaytsev|1992.02.2
Ksenia Akopyan|1992.02.2
Leonid Kovalsky|1992.02.2
Maria Timmerman|1992.02.2
Natalia Anichkina|1992.02.2